<lxs>
    <scene root="demoRoot" axis_length="5"/>

    <views default="defaultCamera">
        <perspective id="defaultCamera" near="0.1" far="500" angle="45">
            <from x="30" y="15" z="30" />
            <to x="0" y="-2" z="0" />
        </perspective>
        <ortho id="orthoBoi" near="0.1" far="500" left="-5" right="5" top="5" bottom="-5">
            <from x="30" y="15" z="30" />
            <to x="0" y="0" z="0" />
        </ortho>
    </views>

    <globals>
        <ambient r="0.2" g="0.2" b="0.2" a="1.0" />
        <background r="0.0" g="0.0" b="0.0" a="1.0" />
    </globals>

    <lights>
        <omni id="demoLight" enabled="1">
            <location x="9.8" y="11.9" z="10" w="1.0" />
            <ambient r="0" g="0" b="0" a="1.0" />
            <diffuse r="1.0" g="1.0" b="1.0" a="1.0" />
            <specular r="1.0" g="1.0" b="1.0" a="1.0" />
        </omni>
    </lights>

    <textures>
        <texture id="demoTexture" file="scenes/images/bank.jpg" />
    </textures>

    <materials>
        <material id="demoMaterial" shininess="10">
            <emission r="0.0" g="0.0" b="0.0" a="1.0" />
            <ambient r="1.0" g="0.0" b="0.0" a="1.0" />
            <diffuse r="0.6" g="0.0" b="0.0" a="1.0" />
            <specular r="0.6" g="0.0" b="0.0" a="1.0" />
        </material>

        <material id="ballMaterial" shininess="10">
            <emission r="0.0" g="0.0" b="0.0" a="1.0" />
            <ambient r="1.0" g="0.0" b="0.0" a="1.0" />
            <diffuse r="0.2" g="0.2" b="0.2" a="1.0" />
            <specular r="0.6" g="0.6" b="0.6" a="1.0" />
        </material>
    </materials>

    <transformations>
        <transformation id="demoTransform">
            <scale x="5" y="1" z="5" />
            <rotate axis="x" angle="-45" />
            <rotate axis="z" angle="-45" />
        </transformation>
    </transformations>

    <primitives>
        <primitive id="demoRectangle">
            <rectangle x1="-0.5" y1="-1" x2="0.5" y2="1" />
        </primitive>
        <primitive id="demoSphere">
            <sphere radius="1" stacks="10" slices="10" />
        </primitive>
        <primitive id="demoTriangle">
            <triangle   x1="0" y1="0" z1="0"
                        x2="5" y2="0" z2="0"
                        x3="0" y3="0" z3="5" />
        </primitive>
        <primitive id="demoCylinder">
            <cylinder base="1" top="1" height="1" slices="20" stacks="5" />
        </primitive>
        <primitive id="coneFrustum">
            <cylinder base="0.3" top="0.1" height="1" slices="20" stacks="10" />
        </primitive>
        

        <primitive id="demoTorus">
            <torus inner="0.1" outer="0.4" slices="20" loops="6" />
        </primitive>
        <primitive id="unitSquare">
            <rectangle x1="-0.5" y1="-0.5" x2="0.5" y2="0.5" />
        </primitive>
 
    </primitives>

    <components>
        <component id="topUnitCube">
            <transformation>
                <translate x="0" y="0.5" z="0" /> 
                <rotate axis="x" angle="-90" />
            </transformation>
            <materials>
                <material id="demoMaterial" />
            </materials>

            <texture id="demoTexture" length_s="1" length_t="1" />

            <children>
                <primitiveref id="unitSquare" />

             </children>

        </component>

        <component id="botUnitCube">
            <transformation>
                <translate x="0" y="-0.5" z="0" /> 
                <rotate axis="x" angle="90" />
            </transformation>
            <materials>
                <material id="demoMaterial" />
            </materials>

            <texture id="demoTexture" length_s="1" length_t="1" />

            <children>
                <primitiveref id="unitSquare" />

             </children>

        </component>

        <component id="backUnitCube">
            <transformation>
                <translate x="0" y="0" z="-0.5" />
                <rotate axis="y" angle="180" />
            </transformation>
            <materials>
                <material id="demoMaterial" />
            </materials>

            <texture id="demoTexture" length_s="1" length_t="1" />

            <children>
                <primitiveref id="unitSquare" />

             </children>

        </component>

        <component id="frontUnitCube">
            <transformation>
                <translate x="0" y="0" z="0.5" /> 
            </transformation>
            <materials>
                <material id="demoMaterial" />
            </materials>

            <texture id="demoTexture" length_s="1" length_t="1" />

            <children>
                <primitiveref id="unitSquare" />

             </children>

        </component>

        <component id="rightUnitCube">
            <transformation>
                <translate x="-0.5" y="0" z="0" /> 
                <rotate axis="y" angle="-90" />
            </transformation>
            <materials>
                <material id="demoMaterial" />
            </materials>

            <texture id="demoTexture" length_s="1" length_t="1" />

            <children>
                <primitiveref id="unitSquare" />

             </children>

        </component>

        <component id="leftUnitCube">
            <transformation>
                <translate x="0.5" y="0" z="0" /> 
                <rotate axis="y" angle="90" />
            </transformation>
            <materials>
                <material id="demoMaterial" />
            </materials>

            <texture id="demoTexture" length_s="1" length_t="1" />

            <children>
                <primitiveref id="unitSquare" />

             </children>

        </component>

        <component id="unitCube">
            <transformation>
                <scale x="1" y="1" z="1" />
            </transformation>
            <materials>
                <material id="demoMaterial" />
            </materials>

            <texture id="demoTexture" length_s="1" length_t="1" />

            <children>
                <componentref id="topUnitCube" />
                <componentref id="botUnitCube" />
                <componentref id="leftUnitCube" />
                <componentref id="rightUnitCube" />
                <componentref id="frontUnitCube" />
                <componentref id="backUnitCube" />

             </children>

        </component>

        <component id="ball1">
            <transformation>
                <translate x="0" y="0.2" z="0" />
                <scale x="0.2" y="0.2" z="0.2" />
            </transformation>
            <materials>
                <material id="demoMaterial" />
            </materials>
            <texture id="demoTexture"/>
            <children>
                <primitiveref id="demoSphere" />
            </children>
        </component>

        <component id="ball2">
            <transformation>
                <translate x="-0.2" y="0.2" z="0.3464101615137755" />
                <scale x="0.2" y="0.2" z="0.2" />
            </transformation>
            <materials>
                <material id="demoMaterial" />
            </materials>
            <texture id="demoTexture"/>
            <children>
                <primitiveref id="demoSphere" />
            </children>
        </component>
        
        <component id="ball3">
            <transformation>
                <translate x="0.2" y="0.2" z="0.3464101615137755" />
                <scale x="0.2" y="0.2" z="0.2" />
            </transformation>
            <materials>
                <material id="demoMaterial" />
            </materials>
            <texture id="demoTexture"/>
            <children>
                <primitiveref id="demoSphere" />
            </children>
        </component>

        <component id="ball4">
            <transformation>
                <translate x="-0.4" y="0.2" z="0.692820323027551" />
                <scale x="0.2" y="0.2" z="0.2" />
            </transformation>
            <materials>
                <material id="demoMaterial" />
            </materials>
            <texture id="demoTexture"/>
            <children>
                <primitiveref id="demoSphere" />
            </children>
        </component>
        
        <component id="ball5">
            <transformation>
                <translate x="0" y="0.2" z="0.692820323027551" />
                <scale x="0.2" y="0.2" z="0.2" />
            </transformation>
            <materials>
                <material id="demoMaterial" />
            </materials>
            <texture id="demoTexture"/>
            <children>
                <primitiveref id="demoSphere" />
            </children>
        </component>
        
        <component id="ball6">
            <transformation>
                <translate x="0.4" y="0.2" z="0.692820323027551" />
                <scale x="0.2" y="0.2" z="0.2" />
            </transformation>
            <materials>
                <material id="demoMaterial" />
            </materials>
            <texture id="demoTexture"/>
            <children>
                <primitiveref id="demoSphere" />
            </children>
        </component>
        
        <component id="ball7">
            <transformation>
                <translate x="-0.6" y="0.2" z="1.039230484541326" />
                <scale x="0.2" y="0.2" z="0.2" />
            </transformation>
            <materials>
                <material id="demoMaterial" />
            </materials>
            <texture id="demoTexture"/>
            <children>
                <primitiveref id="demoSphere" />
            </children>
        </component>
        
        <component id="ball8">
            <transformation>
                <translate x="-0.2" y="0.2" z="1.039230484541326" />
                <scale x="0.2" y="0.2" z="0.2" />
            </transformation>
            <materials>
                <material id="demoMaterial" />
            </materials>
            <texture id="demoTexture"/>
            <children>
                <primitiveref id="demoSphere" />
            </children>
        </component>
        
        <component id="ball9">
            <transformation>
                <translate x="0.2" y="0.2" z="1.039230484541326" />
                <scale x="0.2" y="0.2" z="0.2" />
            </transformation>
            <materials>
                <material id="demoMaterial" />
            </materials>
            <texture id="demoTexture"/>
            <children>
                <primitiveref id="demoSphere" />
            </children>
        </component>
        
        <component id="ball10">
            <transformation>
                <translate x="0.6" y="0.2" z="1.039230484541326" />
                <scale x="0.2" y="0.2" z="0.2" />
            </transformation>
            <materials>
                <material id="demoMaterial" />
            </materials>
            <texture id="demoTexture"/>
            <children>
                <primitiveref id="demoSphere" />
            </children>
        </component>
        
        <component id="ball11">
            <transformation>
                <translate x="-0.8" y="0.2" z="1.385640646055102" />
                <scale x="0.2" y="0.2" z="0.2" />
            </transformation>
            <materials>
                <material id="demoMaterial" />
            </materials>
            <texture id="demoTexture"/>
            <children>
                <primitiveref id="demoSphere" />
            </children>
        </component>
        
        <component id="ball12">
            <transformation>
                <translate x="-0.4" y="0.2" z="1.385640646055102" />
                <scale x="0.2" y="0.2" z="0.2" />
            </transformation>
            <materials>
                <material id="demoMaterial" />
            </materials>
            <texture id="demoTexture"/>
            <children>
                <primitiveref id="demoSphere" />
            </children>
        </component>
        
        <component id="ball13">
            <transformation>
                <translate x="0" y="0.2" z="1.385640646055102" />
                <scale x="0.2" y="0.2" z="0.2" />
            </transformation>
            <materials>
                <material id="demoMaterial" />
            </materials>
            <texture id="demoTexture"/>
            <children>
                <primitiveref id="demoSphere" />
            </children>
        </component>
        
        <component id="ball14">
            <transformation>
                <translate x="0.4" y="0.2" z="1.385640646055102" />
                <scale x="0.2" y="0.2" z="0.2" />
            </transformation>
            <materials>
                <material id="demoMaterial" />
            </materials>
            <texture id="demoTexture"/>
            <children>
                <primitiveref id="demoSphere" />
            </children>
        </component>
        
        <component id="ball15">
            <transformation>
                <translate x="0.8" y="0.2" z="1.385640646055102" />
                <scale x="0.2" y="0.2" z="0.2" />
            </transformation>
            <materials>
                <material id="demoMaterial" />
            </materials>
            <texture id="demoTexture"/>
            <children>
                <primitiveref id="demoSphere" />
            </children>
        </component>
        
        <component id="ball0">
            <transformation>
                <translate x="0" y="0.2" z="-3.5" />
                <scale x="0.2" y="0.2" z="0.2" />
            </transformation>
            <materials>
                <material id="ballMaterial" />
            </materials>
            <texture id="demoTexture"/>
            <children>
                <primitiveref id="demoSphere" />
            </children>
        </component>

        <component id="ballGroup">
            <transformation>
                <translate x="0" y="0" z="1" />
            </transformation>
            <materials>
                <material id="demoMaterial" />
            </materials>
            <texture id="demoTexture"/>
            <children>
                <componentref id="ball1" />
                <componentref id="ball2" />
                <componentref id="ball3" />
                <componentref id="ball4" />
                <componentref id="ball5" />
                <componentref id="ball6" />
                <componentref id="ball7" />
                <componentref id="ball8" />
                <componentref id="ball9" />
                <componentref id="ball10" />
                <componentref id="ball11" />
                <componentref id="ball12" />
                <componentref id="ball13" />
                <componentref id="ball14" />
                <componentref id="ball15" />
            </children>
        </component>

        <component id="tableBorderX">
            <transformation>
                <scale x="0.4" y="0.3" z="12" />
            </transformation>
            <materials>
                <material id="demoMaterial" />
            </materials>
            <texture id="demoTexture"/>
            <children>
                <componentref id="unitCube" />
            </children>
        </component>

        <component id="tableBorderY">
            <transformation>
                <scale x="6" y="0.3" z="0.4" />
            </transformation>
            <materials>
                <material id="demoMaterial" />
            </materials>
            <texture id="demoTexture"/>
            <children>
                <componentref id="unitCube" />
            </children>
        </component>

        <component id="tableBorderLeft">
            <transformation>
                <translate x="-3" y="0.05" z="0" />
            </transformation>
            <materials>
                <material id="demoMaterial" />
            </materials>
            <texture id="demoTexture"/>
            <children>
                <componentref id="tableBorderX" />
            </children>
        </component>
        <component id="tableBorderRight">
            <transformation>
                <translate x="3" y="0.05" z="0" />
            </transformation>
            <materials>
                <material id="demoMaterial" />
            </materials>
            <texture id="demoTexture"/>
            <children>
                <componentref id="tableBorderX" />
            </children>
        </component>
        <component id="tableBorderTop">
            <transformation>
                <translate x="0" y="0.05" z="-5.8" />
            </transformation>
            <materials>
                <material id="demoMaterial" />
            </materials>
            <texture id="demoTexture"/>
            <children>
                <componentref id="tableBorderY" />
            </children>
        </component>
        <component id="tableBorderBot">
            <transformation>
                <translate x="0" y="0.05" z="5.8" />
            </transformation>
            <materials>
                <material id="demoMaterial" />
            </materials>
            <texture id="demoTexture"/>
            <children>
                <componentref id="tableBorderY" />
            </children>
        </component>

        <component id="tableTop">
            <transformation>
                <translate x="0" y="-0.05" z="0" />
                <scale x="6" y="0.1" z="12" />
                <rotate axis="x" angle="-90" />
            </transformation>
            <materials>
                <material id="demoMaterial" />
            </materials>
            <texture id="demoTexture"/>
            <children>
                <componentref id="unitCube" />
            </children>
        </component>

        <component id="tableLeg">
            <transformation>
                <rotate axis="x" angle="-90" />
                <scale x="0.25" y="0.25" z="3" />
            </transformation>
            <materials>
                <material id="demoMaterial" />
            </materials>
            <texture id="demoTexture"/>
            <children>
                <primitiveref id="demoCylinder" />
            </children>
        </component>

        <component id="tableLegDR">
            <transformation>
                <translate x="2.5" y="-3" z="5.5" />
                
            </transformation>
            <materials>
                <material id="demoMaterial" />
            </materials>
            <texture id="demoTexture"/>
            <children>
                <componentref id="tableLeg" />
            </children>
        </component>

        <component id="tableLegUR">
            <transformation>
                <translate x="2.5" y="-3" z="-5.5" />
                
            </transformation>
            <materials>
                <material id="demoMaterial" />
            </materials>
            <texture id="demoTexture"/>
            <children>
                <componentref id="tableLeg" />
            </children>
        </component>

        <component id="tableLegDL">
            <transformation>
                <translate x="-2.5" y="-3" z="5.5" />
                
            </transformation>
            <materials>
                <material id="demoMaterial" />
            </materials>
            <texture id="demoTexture"/>
            <children>
                <componentref id="tableLeg" />
            </children>
        </component>

        <component id="tableLegUL">
            <transformation>
                <translate x="-2.5" y="-3" z="-5.5" />
                
            </transformation>
            <materials>
                <material id="demoMaterial" />
            </materials>
            <texture id="demoTexture"/>
            <children>
                <componentref id="tableLeg" />
            </children>
        </component>

        <component id="tableHoleBR">
            <transformation>
            <translate x="2.7" y="0" z="5.5" />
            <rotate axis="x" angle="90" />
            </transformation>
            <materials>
                <material id="demoMaterial" />
            </materials>
            <texture id="demoTexture"/>
            <children>
                <primitiveref id="demoTorus" />
            </children>
        </component>

        <component id="tableHoleBL">
            <transformation>
            <translate x="-2.7" y="0" z="5.5" />
            <rotate axis="x" angle="90" />
            </transformation>
            <materials>
                <material id="demoMaterial" />
            </materials>
            <texture id="demoTexture"/>
            <children>
                <primitiveref id="demoTorus" />
            </children>
        </component>

        <component id="tableHoleMR">
            <transformation>
            <translate x="2.7" y="0" z="0" />
            <rotate axis="x" angle="90" />
            </transformation>
            <materials>
                <material id="demoMaterial" />
            </materials>
            <texture id="demoTexture"/>
            <children>
                <primitiveref id="demoTorus" />
            </children>
        </component>

        <component id="tableHoleML">
            <transformation>
            <translate x="-2.7" y="0" z="0" />
            <rotate axis="x" angle="90" />
            </transformation>
            <materials>
                <material id="demoMaterial" />
            </materials>
            <texture id="demoTexture"/>
            <children>
                <primitiveref id="demoTorus" />
            </children>
        </component>

        <component id="tableHoleUR">
            <transformation>
            <translate x="2.7" y="0" z="-5.5" />
            <rotate axis="x" angle="90" />
            </transformation>
            <materials>
                <material id="demoMaterial" />
            </materials>
            <texture id="demoTexture"/>
            <children>
                <primitiveref id="demoTorus" />
            </children>
        </component>

        <component id="tableHoleUL">
            <transformation>
            <translate x="-2.7" y="0" z="-5.5" />
            <rotate axis="x" angle="90" />
            </transformation>
            <materials>
                <material id="demoMaterial" />
            </materials>
            <texture id="demoTexture"/>
            <children>
                <primitiveref id="demoTorus" />
            </children>
        </component>

        <component id="table">
            <transformation>
                <scale x="1" y="1" z="1" />
            </transformation>
            <materials>
                <material id="demoMaterial" />
            </materials>
            <texture id="demoTexture"/>
            <children>
                <componentref id="tableLegDR" />
                <componentref id="tableLegUR" />
                <componentref id="tableLegDL" />
                <componentref id="tableLegUL" />
                <componentref id="tableTop" />
                <componentref id="tableBorderLeft" />
                <componentref id="tableBorderRight" />
                <componentref id="tableBorderTop" />
                <componentref id="tableBorderBot" />
                <componentref id="ballGroup" />
                <componentref id="ball0" />
                <componentref id="tableHoleBR" />
                <componentref id="tableHoleBL" />
                <componentref id="tableHoleMR" />
                <componentref id="tableHoleML" />
                <componentref id="tableHoleUR" />
                <componentref id="tableHoleUL" />
            </children>
        </component>

        <component id="stick">
            <transformation>
                <scale x="0.3" y="0.3" z ="10" /> 
            </transformation>
            <materials>
                <material id="demoMaterial" />
            </materials>
            <texture id="demoTexture"/>
            <children>
                <primitiveref id="coneFrustum" />
            </children>
        </component>

        <component id="stickTable">
            <transformation>
                <translate x="4.2" y="-3.4" z="0" />
                <rotate axis ="z" angle="15" />
                <rotate axis ="x" angle="-90" />
            </transformation>
            <materials>
                <material id="demoMaterial" />
            </materials>
            <texture id="demoTexture"/>
            <children>
                <componentref id="stick" />
            </children>
        </component>
        
        <component id="pooltriangleL">
            <transformation>
            <translate x="-0.5" y="0" z="0" />
            <rotate axis="y" angle ="-30" />
            <scale x="0.1" y="0.1" z= "2" />
            </transformation>
            <materials>
                <material id="demoMaterial" />
            </materials>
            <texture id="demoTexture"/>
            <children>
                <componentref id="unitCube" />
            </children>
        </component>

        <component id="pooltriangleR">
            <transformation>
            <translate x="0.5" y="0" z="0" />
            <rotate axis="y" angle ="30" />
            <scale x="0.1" y="0.1" z= "2" />
            </transformation>
            <materials>
                <material id="demoMaterialB" />
            </materials>
            <texture id="demoTexture"/>
            <children>
                <componentref id="unitCube" />
            </children>
        </component>

        <component id="pooltriangleB">
            <transformation>
            <translate x="0" y="0" z="0.8660254037844386" />
            <rotate axis="y" angle ="90" />
            <scale x="0.1" y="0.1" z= "2" />
            </transformation>
            <materials>
                <material id="demoMaterial" />
            </materials>
            <texture id="demoTexture"/>
            <children>
                <componentref id="unitCube" />
            </children>
        </component>



        <component id="pooltriangle">
            <transformation>
            <translate x="0" y="0.25" z="5.6" />
            <rotate axis ="x" angle="-10" />
            </transformation>
            <materials>
                <material id="demoMaterial" />
            </materials>
            <texture id="demoTexture"/>
            <children>
                <componentref id="pooltriangleL" />
                <componentref id="pooltriangleR" />
                <componentref id="pooltriangleB" />
            </children>
        </component>


        <component id="demoRoot">
            <transformation>
                <scale x="1" y="1" z="1" />
            </transformation>
            <materials>
                <material id="demoMaterial" />
            </materials>
            <texture id="demoTexture"/>
            <children>
                <componentref id="table" />
                <componentref id="stickTable" />
                <componentref id="pooltriangle" />
            </children>
        </component>

        

    </components>
</lxs>